entry_date,action,price
2023-04-01 00:45:00,BUY,28449.0
2023-04-01 01:15:00,SELL SHORT,28441.0
2023-04-01 01:30:00,BUY,28440.0
2023-04-01 01:45:00,SELL SHORT,28473.5
2023-04-01 02:30:00,BUY,28598.5
2023-04-01 03:00:00,SELL SHORT,28589.0
2023-04-01 03:15:00,BUY,28576.5
2023-04-01 03:45:00,SELL SHORT,28538.5
2023-04-01 04:00:00,BUY,28535.5
2023-04-01 04:15:00,SELL SHORT,28566.0
2023-04-01 05:00:00,BUY,28579.5
2023-04-01 05:45:00,SELL SHORT,28556.5
2023-04-01 06:15:00,BUY,28533.5
2023-04-01 06:45:00,SELL SHORT,28481.0
2023-04-01 07:00:00,BUY,28480.0
2023-04-01 07:45:00,SELL SHORT,28413.5
2023-04-01 09:00:00,BUY,28449.5
2023-04-01 09:45:00,SELL SHORT,28458.5
2023-04-01 10:00:00,BUY,28433.0
2023-04-01 10:30:00,SELL SHORT,28431.0
2023-04-01 11:15:00,BUY,28456.0
2023-04-01 12:15:00,SELL SHORT,28392.0
2023-04-01 12:45:00,BUY,28411.5
2023-04-01 13:00:00,SELL SHORT,28435.0
2023-04-01 13:15:00,BUY,28427.0
2023-04-01 13:30:00,SELL SHORT,28434.5
2023-04-01 13:45:00,BUY,28420.0
2023-04-01 14:00:00,SELL SHORT,28426.0
2023-04-01 14:15:00,BUY,28410.5
2023-04-01 15:30:00,SELL SHORT,28360.5
2023-04-01 16:30:00,BUY,28430.5
2023-04-01 17:15:00,SELL SHORT,28381.0
2023-04-01 17:30:00,BUY,28362.0
2023-04-01 17:45:00,SELL SHORT,28378.5
2023-04-01 18:00:00,BUY,28377.0
2023-04-01 18:15:00,SELL SHORT,28384.0
2023-04-01 18:30:00,BUY,28350.5
2023-04-01 18:45:00,SELL SHORT,28357.0
2023-04-01 19:15:00,BUY,28374.5
2023-04-01 20:00:00,SELL SHORT,28384.0
2023-04-01 21:00:00,BUY,28452.0
2023-04-01 21:15:00,SELL SHORT,28481.5
2023-04-01 21:45:00,BUY,28480.0
2023-04-01 22:00:00,SELL SHORT,28482.5
2023-04-01 22:45:00,BUY,28513.0
2023-04-01 23:00:00,SELL SHORT,28522.0
2023-04-01 23:30:00,BUY,28503.5
2023-04-02 00:15:00,SELL SHORT,28472.5
2023-04-02 00:45:00,BUY,28420.0
2023-04-02 01:15:00,SELL SHORT,28380.0
2023-04-02 02:00:00,BUY,28398.0
2023-04-02 02:15:00,SELL SHORT,28417.5
2023-04-02 02:45:00,BUY,28411.5
2023-04-02 03:15:00,SELL SHORT,28411.5
2023-04-02 03:45:00,BUY,28490.5
2023-04-02 05:15:00,SELL SHORT,28402.0
2023-04-02 06:15:00,BUY,28460.0
2023-04-02 06:45:00,SELL SHORT,28458.0
2023-04-02 07:30:00,BUY,28466.5
2023-04-02 08:30:00,SELL SHORT,28417.5
2023-04-02 08:45:00,BUY,28394.5
2023-04-02 09:15:00,SELL SHORT,28391.0
2023-04-02 10:15:00,BUY,28391.0
2023-04-02 10:45:00,SELL SHORT,28407.0
2023-04-02 11:00:00,BUY,28371.5
2023-04-02 11:15:00,SELL SHORT,28374.0
2023-04-02 12:00:00,BUY,28357.5
2023-04-02 12:45:00,SELL SHORT,28309.0
2023-04-02 13:00:00,BUY,28259.0
2023-04-02 13:30:00,SELL SHORT,28258.5
2023-04-02 14:00:00,BUY,28279.0
2023-04-02 14:30:00,SELL SHORT,28309.5
2023-04-02 14:45:00,BUY,28306.0
2023-04-02 16:00:00,SELL SHORT,28126.0
2023-04-02 16:15:00,BUY,28125.0
2023-04-02 16:45:00,SELL SHORT,28074.0
2023-04-02 17:30:00,BUY,28119.5
2023-04-02 17:45:00,SELL SHORT,28197.5
2023-04-02 18:15:00,BUY,28194.5
2023-04-02 18:45:00,SELL SHORT,28176.5
2023-04-02 19:00:00,BUY,28160.5
2023-04-02 20:15:00,SELL SHORT,27982.0
2023-04-02 21:00:00,BUY,28065.5
2023-04-02 21:15:00,SELL SHORT,28127.0
2023-04-02 21:30:00,BUY,28117.5
2023-04-02 22:30:00,SELL SHORT,27973.5
2023-04-02 22:45:00,BUY,27973.0
2023-04-02 23:00:00,SELL SHORT,28111.0
2023-04-02 23:15:00,BUY,28096.5
2023-04-02 23:30:00,SELL SHORT,28114.5
2023-04-03 00:15:00,BUY,28165.0
2023-04-03 01:00:00,SELL SHORT,28111.5
2023-04-03 01:15:00,BUY,28097.5
2023-04-03 02:15:00,SELL SHORT,27767.5
2023-04-03 02:45:00,BUY,27769.0
2023-04-03 03:30:00,SELL SHORT,27712.0
2023-04-03 04:15:00,BUY,27696.5
2023-04-03 05:00:00,SELL SHORT,27690.5
2023-04-03 06:00:00,BUY,27656.5
2023-04-03 06:15:00,SELL SHORT,27676.5
2023-04-03 06:45:00,BUY,27689.5
2023-04-03 07:00:00,SELL SHORT,27779.5
2023-04-03 07:45:00,BUY,27881.5
2023-04-03 08:00:00,SELL SHORT,27936.0
2023-04-03 08:45:00,BUY,28343.0
2023-04-03 09:30:00,SELL SHORT,28332.5
2023-04-03 09:45:00,BUY,28328.5
2023-04-03 10:00:00,SELL SHORT,28345.0
2023-04-03 10:45:00,BUY,28367.5
2023-04-03 11:30:00,SELL SHORT,28276.0
2023-04-03 12:00:00,BUY,28261.0
2023-04-03 13:00:00,SELL SHORT,28158.0
2023-04-03 13:15:00,BUY,28125.0
2023-04-03 13:30:00,SELL SHORT,28201.0
2023-04-03 13:45:00,BUY,28190.0
2023-04-03 14:00:00,SELL SHORT,28268.0
2023-04-03 14:15:00,BUY,28237.0
2023-04-03 14:30:00,SELL SHORT,28241.5
2023-04-03 14:45:00,BUY,28088.0
2023-04-03 15:30:00,SELL SHORT,28073.0
2023-04-03 15:45:00,BUY,28036.5
2023-04-03 16:00:00,SELL SHORT,28047.0
2023-04-03 16:30:00,BUY,28040.5
2023-04-03 17:15:00,SELL SHORT,27989.5
2023-04-03 17:30:00,BUY,27977.0
2023-04-03 17:45:00,SELL SHORT,28001.5
2023-04-03 18:00:00,BUY,27977.0
2023-04-03 18:30:00,SELL SHORT,28083.0
2023-04-03 19:15:00,BUY,28132.5
2023-04-03 19:45:00,SELL SHORT,28144.0
2023-04-03 20:00:00,BUY,28079.0
2023-04-03 20:30:00,SELL SHORT,27752.5
2023-04-03 21:00:00,BUY,27579.5
2023-04-03 21:30:00,SELL SHORT,27507.0
2023-04-03 22:45:00,BUY,27867.0
2023-04-03 23:15:00,SELL SHORT,27886.5
2023-04-03 23:45:00,BUY,27855.0
2023-04-04 01:00:00,SELL SHORT,27763.0
2023-04-04 01:15:00,BUY,27702.5
2023-04-04 01:30:00,SELL SHORT,27868.5
2023-04-04 01:45:00,BUY,27826.0
2023-04-04 02:15:00,SELL SHORT,27842.5
2023-04-04 03:00:00,BUY,27859.5
2023-04-04 03:15:00,SELL SHORT,27871.5
2023-04-04 03:45:00,BUY,27884.0
2023-04-04 04:15:00,SELL SHORT,27880.5
2023-04-04 04:30:00,BUY,27855.5
2023-04-04 05:00:00,SELL SHORT,27823.0
2023-04-04 06:00:00,BUY,27890.0
2023-04-04 06:30:00,SELL SHORT,27899.5
2023-04-04 07:30:00,BUY,28027.0
2023-04-04 08:00:00,SELL SHORT,28018.0
2023-04-04 08:15:00,BUY,28009.5
2023-04-04 08:45:00,SELL SHORT,28094.0
2023-04-04 09:15:00,BUY,28051.5
2023-04-04 09:30:00,SELL SHORT,28076.5
2023-04-04 10:45:00,BUY,28213.5
2023-04-04 11:00:00,SELL SHORT,28230.0
2023-04-04 11:30:00,BUY,28304.5
2023-04-04 12:00:00,SELL SHORT,28291.0
2023-04-04 12:15:00,BUY,28243.0
2023-04-04 12:30:00,SELL SHORT,28311.5
2023-04-04 12:45:00,BUY,28256.0
2023-04-04 13:00:00,SELL SHORT,28272.5
2023-04-04 13:30:00,BUY,28274.0
2023-04-04 14:15:00,SELL SHORT,28193.0
2023-04-04 14:30:00,BUY,28160.0
2023-04-04 14:45:00,SELL SHORT,28176.5
2023-04-04 15:00:00,BUY,28131.0
2023-04-04 15:45:00,SELL SHORT,28049.0
2023-04-04 16:00:00,BUY,28032.0
2023-04-04 16:30:00,SELL SHORT,28055.5
2023-04-04 17:00:00,BUY,28106.0
2023-04-04 17:30:00,SELL SHORT,28148.0
2023-04-04 18:15:00,BUY,28175.0
2023-04-04 18:45:00,SELL SHORT,28180.5
2023-04-04 19:00:00,BUY,28113.5
2023-04-04 19:15:00,SELL SHORT,28125.0
2023-04-04 19:30:00,BUY,28097.5
2023-04-04 19:45:00,SELL SHORT,28160.0
2023-04-04 20:30:00,BUY,28183.0
2023-04-04 20:45:00,SELL SHORT,28261.0
2023-04-04 21:00:00,BUY,28253.0
2023-04-04 22:00:00,SELL SHORT,28224.0
2023-04-04 22:30:00,BUY,28243.5
2023-04-04 23:15:00,SELL SHORT,28188.0
2023-04-04 23:30:00,BUY,28107.0
2023-04-05 00:00:00,SELL SHORT,28157.5
2023-04-05 00:15:00,BUY,28141.5
2023-04-05 00:30:00,SELL SHORT,28244.5
2023-04-05 01:15:00,BUY,28629.5
2023-04-05 02:15:00,SELL SHORT,28649.0
2023-04-05 02:45:00,BUY,28577.0
2023-04-05 03:45:00,SELL SHORT,28505.0
2023-04-05 04:15:00,BUY,28522.0
2023-04-05 04:30:00,SELL SHORT,28537.5
2023-04-05 04:45:00,BUY,28533.5
2023-04-05 05:15:00,SELL SHORT,28534.5
2023-04-05 05:45:00,BUY,28570.0
2023-04-05 06:00:00,SELL SHORT,28577.0
2023-04-05 06:15:00,BUY,28575.0
2023-04-05 07:00:00,SELL SHORT,28530.5
2023-04-05 07:15:00,BUY,28520.5
2023-04-05 07:45:00,SELL SHORT,28514.0
2023-04-05 08:15:00,BUY,28467.0
2023-04-05 08:30:00,SELL SHORT,28575.5
2023-04-05 08:45:00,BUY,28571.5
2023-04-05 09:15:00,SELL SHORT,28560.5
2023-04-05 09:30:00,BUY,28526.5
2023-04-05 10:15:00,SELL SHORT,28529.0
2023-04-05 10:30:00,BUY,28513.0
2023-04-05 11:30:00,SELL SHORT,28531.5
2023-04-05 12:30:00,BUY,28545.5
2023-04-05 13:00:00,SELL SHORT,28582.0
2023-04-05 13:15:00,BUY,28564.5
2023-04-05 14:00:00,SELL SHORT,28411.0
2023-04-05 14:15:00,BUY,28140.0
2023-04-05 14:30:00,SELL SHORT,28159.0
2023-04-05 14:45:00,BUY,28146.5
2023-04-05 15:45:00,SELL SHORT,28049.0
2023-04-05 16:00:00,BUY,28023.0
2023-04-05 16:30:00,SELL SHORT,27902.0
2023-04-05 17:45:00,BUY,27996.0
2023-04-05 18:00:00,SELL SHORT,28024.0
2023-04-05 18:30:00,BUY,27950.5
2023-04-05 18:45:00,SELL SHORT,27988.5
2023-04-05 20:00:00,BUY,28254.0
2023-04-05 20:15:00,SELL SHORT,28265.0
2023-04-05 20:30:00,BUY,28218.5
2023-04-05 20:45:00,SELL SHORT,28221.5
2023-04-05 21:00:00,BUY,28166.5
2023-04-05 21:15:00,SELL SHORT,28203.5
2023-04-05 21:30:00,BUY,28190.0
2023-04-05 22:00:00,SELL SHORT,28187.5
2023-04-05 22:15:00,BUY,28152.5
2023-04-05 22:45:00,SELL SHORT,28188.0
2023-04-05 23:00:00,BUY,28177.0
2023-04-05 23:30:00,SELL SHORT,28173.0
2023-04-06 00:00:00,BUY,28173.0
2023-04-06 00:30:00,SELL SHORT,28115.5
2023-04-06 00:45:00,BUY,28006.0
2023-04-06 01:15:00,SELL SHORT,28011.0
2023-04-06 01:30:00,BUY,27960.0
2023-04-06 01:45:00,SELL SHORT,28035.5
2023-04-06 02:45:00,BUY,28060.0
2023-04-06 03:15:00,SELL SHORT,28077.0
2023-04-06 03:45:00,BUY,28081.0
2023-04-06 04:00:00,SELL SHORT,28138.5
2023-04-06 04:15:00,BUY,28119.0
2023-04-06 05:30:00,SELL SHORT,28074.5
2023-04-06 05:45:00,BUY,28006.5
2023-04-06 06:00:00,SELL SHORT,28043.5
2023-04-06 06:15:00,BUY,28015.5
2023-04-06 06:30:00,SELL SHORT,28031.0
2023-04-06 07:00:00,BUY,28064.5
2023-04-06 08:15:00,SELL SHORT,27926.5
2023-04-06 08:30:00,BUY,27904.5
2023-04-06 08:45:00,SELL SHORT,27969.0
2023-04-06 09:00:00,BUY,27949.5
2023-04-06 09:15:00,SELL SHORT,27965.0
2023-04-06 09:45:00,BUY,27973.0
2023-04-06 10:30:00,SELL SHORT,27887.5
2023-04-06 10:45:00,BUY,27840.0
2023-04-06 11:15:00,SELL SHORT,27901.0
2023-04-06 11:30:00,BUY,27889.0
2023-04-06 11:45:00,SELL SHORT,27930.5
2023-04-06 12:15:00,BUY,27904.5
2023-04-06 12:30:00,SELL SHORT,27993.5
2023-04-06 12:45:00,BUY,27906.5
2023-04-06 13:15:00,SELL SHORT,27933.0
2023-04-06 13:45:00,BUY,27845.5
2023-04-06 14:00:00,SELL SHORT,27887.5
2023-04-06 14:30:00,BUY,27923.5
2023-04-06 15:00:00,SELL SHORT,27945.0
2023-04-06 16:00:00,BUY,28093.5
2023-04-06 16:15:00,SELL SHORT,28116.0
2023-04-06 16:30:00,BUY,28104.0
2023-04-06 16:45:00,SELL SHORT,28137.0
2023-04-06 17:00:00,BUY,28056.5
2023-04-06 17:15:00,SELL SHORT,28059.5
2023-04-06 17:45:00,BUY,28057.0
2023-04-06 18:15:00,SELL SHORT,28050.0
2023-04-06 18:45:00,BUY,27986.5
2023-04-06 19:15:00,SELL SHORT,27986.0
2023-04-06 20:00:00,BUY,28018.5
2023-04-06 20:15:00,SELL SHORT,28054.0
2023-04-06 20:45:00,BUY,28076.5
2023-04-06 21:15:00,SELL SHORT,28001.0
2023-04-06 21:45:00,BUY,27990.5
2023-04-06 22:45:00,SELL SHORT,27985.5
2023-04-06 23:30:00,BUY,28042.0
2023-04-07 00:00:00,SELL SHORT,28034.0
2023-04-07 00:15:00,BUY,28025.5
2023-04-07 00:30:00,SELL SHORT,28033.0
2023-04-07 01:15:00,BUY,28075.0
2023-04-07 01:45:00,SELL SHORT,28079.0
2023-04-07 02:00:00,BUY,28062.0
2023-04-07 02:15:00,SELL SHORT,28066.0
2023-04-07 02:30:00,BUY,28018.0
2023-04-07 03:00:00,SELL SHORT,28021.5
2023-04-07 03:15:00,BUY,28013.0
2023-04-07 03:45:00,SELL SHORT,28051.0
2023-04-07 04:00:00,BUY,28040.0
2023-04-07 04:30:00,SELL SHORT,28057.5
2023-04-07 05:00:00,BUY,28022.5
2023-04-07 06:00:00,SELL SHORT,27972.5
2023-04-07 06:15:00,BUY,27956.0
2023-04-07 07:00:00,SELL SHORT,27956.5
2023-04-07 07:15:00,BUY,27947.5
2023-04-07 08:15:00,SELL SHORT,27872.5
2023-04-07 08:45:00,BUY,27880.0
2023-04-07 09:15:00,SELL SHORT,27851.5
2023-04-07 09:30:00,BUY,27843.0
2023-04-07 09:45:00,SELL SHORT,27883.0
2023-04-07 10:00:00,BUY,27877.5
2023-04-07 10:30:00,SELL SHORT,27931.5
2023-04-07 11:00:00,BUY,27939.5
2023-04-07 11:30:00,SELL SHORT,27903.5
2023-04-07 11:45:00,BUY,27873.0
2023-04-07 12:15:00,SELL SHORT,27894.5
2023-04-07 13:00:00,BUY,27907.0
2023-04-07 13:15:00,SELL SHORT,27911.0
2023-04-07 13:30:00,BUY,27854.5
2023-04-07 13:45:00,SELL SHORT,27892.5
2023-04-07 14:45:00,BUY,27942.5
2023-04-07 15:45:00,SELL SHORT,27944.0
2023-04-07 16:15:00,BUY,27942.0
2023-04-07 17:15:00,SELL SHORT,27900.5
2023-04-07 18:00:00,BUY,27915.0
2023-04-07 18:15:00,SELL SHORT,27917.0
2023-04-07 18:45:00,BUY,27907.0
2023-04-07 19:30:00,SELL SHORT,27893.5
2023-04-07 20:00:00,BUY,27896.5
2023-04-07 20:15:00,SELL SHORT,27908.0
2023-04-07 20:30:00,BUY,27894.5
2023-04-07 20:45:00,SELL SHORT,27901.5
2023-04-07 21:00:00,BUY,27874.5
2023-04-07 21:15:00,SELL SHORT,27899.5
2023-04-07 21:30:00,BUY,27886.5
2023-04-07 22:00:00,SELL SHORT,27895.5
2023-04-07 22:15:00,BUY,27878.5
2023-04-07 22:30:00,SELL SHORT,27888.5
2023-04-07 23:15:00,BUY,27936.0
2023-04-07 23:45:00,SELL SHORT,27928.0
2023-04-08 00:00:00,BUY,27911.0
2023-04-08 01:00:00,SELL SHORT,27886.0
2023-04-08 02:00:00,BUY,27916.0
2023-04-08 02:30:00,SELL SHORT,27922.5
2023-04-08 02:45:00,BUY,27918.0
2023-04-08 03:00:00,SELL SHORT,27964.0
2023-04-08 03:45:00,BUY,28010.0
2023-04-08 04:00:00,SELL SHORT,28031.5
2023-04-08 04:30:00,BUY,28025.5
2023-04-08 05:15:00,SELL SHORT,28020.5
2023-04-08 05:30:00,BUY,28019.0
2023-04-08 05:45:00,SELL SHORT,28049.5
2023-04-08 06:15:00,BUY,28117.5
2023-04-08 06:30:00,SELL SHORT,28142.5
2023-04-08 06:45:00,BUY,28116.5
2023-04-08 07:00:00,SELL SHORT,28121.0
2023-04-08 07:15:00,BUY,28112.0
2023-04-08 07:30:00,SELL SHORT,28112.5
2023-04-08 07:45:00,BUY,28097.0
2023-04-08 08:15:00,SELL SHORT,28094.0
2023-04-08 08:45:00,BUY,28096.0
2023-04-08 09:15:00,SELL SHORT,28058.5
2023-04-08 09:45:00,BUY,28061.0
2023-04-08 10:15:00,SELL SHORT,28036.5
2023-04-08 10:30:00,BUY,28026.0
2023-04-08 11:00:00,SELL SHORT,28020.0
2023-04-08 11:15:00,BUY,28018.5
2023-04-08 11:30:00,SELL SHORT,28032.0
2023-04-08 11:45:00,BUY,28027.0
2023-04-08 12:30:00,SELL SHORT,28011.5
2023-04-08 12:45:00,BUY,27962.0
2023-04-08 13:00:00,SELL SHORT,27993.0
2023-04-08 13:30:00,BUY,27989.0
2023-04-08 13:45:00,SELL SHORT,28011.0
2023-04-08 14:45:00,BUY,28042.0
2023-04-08 15:00:00,SELL SHORT,28042.5
2023-04-08 15:15:00,BUY,28018.0
2023-04-08 15:30:00,SELL SHORT,28019.0
2023-04-08 15:45:00,BUY,27997.5
2023-04-08 16:00:00,SELL SHORT,28019.5
2023-04-08 16:30:00,BUY,28011.0
2023-04-08 16:45:00,SELL SHORT,28012.0
2023-04-08 17:00:00,BUY,28011.0
2023-04-08 18:15:00,SELL SHORT,27954.5
2023-04-08 18:30:00,BUY,27949.0
2023-04-08 19:15:00,SELL SHORT,27933.0
2023-04-08 19:30:00,BUY,27928.0
2023-04-08 20:15:00,SELL SHORT,27934.5
2023-04-08 20:45:00,BUY,27941.0
2023-04-08 21:15:00,SELL SHORT,27931.5
2023-04-08 21:30:00,BUY,27929.5
2023-04-08 22:15:00,SELL SHORT,27930.0
2023-04-08 22:30:00,BUY,27902.0
2023-04-08 22:45:00,SELL SHORT,27915.5
2023-04-08 23:45:00,BUY,27949.5
2023-04-09 00:15:00,SELL SHORT,27958.5
2023-04-09 01:00:00,BUY,28043.0
2023-04-09 01:15:00,SELL SHORT,28057.5
2023-04-09 01:45:00,BUY,28060.0
2023-04-09 02:00:00,SELL SHORT,28085.5
2023-04-09 02:15:00,BUY,28077.0
2023-04-09 03:30:00,SELL SHORT,28049.5
2023-04-09 04:00:00,BUY,28044.0
2023-04-09 04:30:00,SELL SHORT,28037.0
2023-04-09 05:45:00,BUY,28054.0
2023-04-09 07:30:00,SELL SHORT,27919.0
2023-04-09 07:45:00,BUY,27889.5
2023-04-09 08:00:00,SELL SHORT,27905.5
2023-04-09 08:30:00,BUY,27888.0
2023-04-09 09:00:00,SELL SHORT,27882.0
2023-04-09 10:00:00,BUY,27907.5
2023-04-09 10:30:00,SELL SHORT,27912.5
2023-04-09 10:45:00,BUY,27904.5
2023-04-09 11:15:00,SELL SHORT,27898.0
2023-04-09 11:30:00,BUY,27885.5
2023-04-09 11:45:00,SELL SHORT,27927.5
2023-04-09 12:15:00,BUY,27931.5
2023-04-09 12:30:00,SELL SHORT,27973.5
2023-04-09 12:45:00,BUY,27963.5
2023-04-09 13:45:00,SELL SHORT,27912.0
2023-04-09 14:30:00,BUY,27854.5
2023-04-09 14:45:00,SELL SHORT,27863.0
2023-04-09 15:30:00,BUY,27890.5
2023-04-09 15:45:00,SELL SHORT,27918.5
2023-04-09 16:00:00,BUY,27895.5
2023-04-09 16:15:00,SELL SHORT,27918.0
2023-04-09 17:00:00,BUY,27901.5
2023-04-09 17:15:00,SELL SHORT,27903.0
2023-04-09 17:30:00,BUY,27889.5
2023-04-09 18:00:00,SELL SHORT,27914.5
2023-04-09 19:45:00,BUY,28115.0
2023-04-09 20:00:00,SELL SHORT,28141.0
2023-04-09 20:15:00,BUY,28118.5
2023-04-09 20:45:00,SELL SHORT,28129.0
2023-04-09 21:00:00,BUY,28122.0
2023-04-09 21:15:00,SELL SHORT,28184.5
2023-04-09 22:15:00,BUY,28417.5
2023-04-09 22:30:00,SELL SHORT,28453.0
2023-04-09 22:45:00,BUY,28389.0
2023-04-09 23:30:00,SELL SHORT,28370.5
2023-04-09 23:45:00,BUY,28320.5
2023-04-10 00:00:00,SELL SHORT,28332.5
2023-04-10 01:00:00,BUY,28387.0
2023-04-10 01:45:00,SELL SHORT,28295.0
2023-04-10 02:15:00,BUY,28301.0
2023-04-10 02:30:00,SELL SHORT,28309.0
2023-04-10 03:00:00,BUY,28303.5
2023-04-10 03:30:00,SELL SHORT,28303.0
2023-04-10 04:00:00,BUY,28285.5
2023-04-10 04:15:00,SELL SHORT,28292.5
2023-04-10 05:00:00,BUY,28239.5
2023-04-10 05:30:00,SELL SHORT,28235.0
2023-04-10 06:30:00,BUY,28274.0
2023-04-10 07:00:00,SELL SHORT,28285.5
2023-04-10 07:30:00,BUY,28287.0
2023-04-10 08:00:00,SELL SHORT,28287.5
2023-04-10 08:45:00,BUY,28339.5
2023-04-10 09:15:00,SELL SHORT,28308.5
2023-04-10 09:45:00,BUY,28313.5
2023-04-10 10:45:00,SELL SHORT,28312.0
2023-04-10 11:30:00,BUY,28342.5
2023-04-10 12:00:00,SELL SHORT,28315.0
2023-04-10 12:15:00,BUY,28293.0
2023-04-10 12:45:00,SELL SHORT,28308.5
2023-04-10 13:00:00,BUY,28284.5
2023-04-10 13:15:00,SELL SHORT,28294.5
2023-04-10 13:30:00,BUY,28259.0
2023-04-10 14:15:00,SELL SHORT,28246.0
2023-04-10 14:30:00,BUY,28239.0
2023-04-10 14:45:00,SELL SHORT,28307.0
2023-04-10 15:30:00,BUY,28419.5
2023-04-10 15:45:00,SELL SHORT,28508.5
2023-04-10 16:00:00,BUY,28445.5
2023-04-10 16:30:00,SELL SHORT,28449.5
2023-04-10 17:30:00,BUY,29111.5
2023-04-10 17:45:00,SELL SHORT,29129.5
2023-04-10 18:15:00,BUY,29158.5
2023-04-10 18:45:00,SELL SHORT,29182.0
2023-04-10 19:15:00,BUY,29189.0
2023-04-10 19:45:00,SELL SHORT,29144.5
2023-04-10 20:15:00,BUY,29134.0
2023-04-10 20:45:00,SELL SHORT,29135.5
2023-04-10 21:00:00,BUY,29127.5
2023-04-10 21:15:00,SELL SHORT,29130.5
2023-04-10 21:45:00,BUY,29207.5
2023-04-10 22:00:00,SELL SHORT,29240.5
2023-04-10 23:00:00,BUY,29612.5
2023-04-10 23:15:00,SELL SHORT,29768.5
2023-04-10 23:30:00,BUY,29677.5
2023-04-11 00:15:00,SELL SHORT,29681.0
2023-04-11 01:15:00,BUY,29838.0
2023-04-11 01:30:00,SELL SHORT,29853.0
2023-04-11 02:45:00,BUY,30107.0
2023-04-11 03:30:00,SELL SHORT,30017.5
2023-04-11 04:15:00,BUY,30123.5
2023-04-11 04:30:00,SELL SHORT,30135.5
2023-04-11 04:45:00,BUY,30090.0
2023-04-11 05:00:00,SELL SHORT,30127.0
2023-04-11 05:30:00,BUY,30104.5
2023-04-11 06:15:00,SELL SHORT,30053.5
2023-04-11 06:45:00,BUY,30102.5
2023-04-11 07:15:00,SELL SHORT,30119.0
2023-04-11 07:30:00,BUY,30111.0
2023-04-11 08:00:00,SELL SHORT,30119.0
2023-04-11 08:15:00,BUY,30099.0
2023-04-11 08:30:00,SELL SHORT,30124.5
2023-04-11 08:45:00,BUY,30095.0
2023-04-11 09:00:00,SELL SHORT,30109.0
2023-04-11 09:15:00,BUY,30077.5
2023-04-11 10:00:00,SELL SHORT,30059.0
2023-04-11 11:15:00,BUY,30127.0
2023-04-11 12:15:00,SELL SHORT,30151.0
2023-04-11 12:30:00,BUY,30082.5
2023-04-11 12:45:00,SELL SHORT,30138.0
2023-04-11 13:00:00,BUY,30119.0
2023-04-11 13:30:00,SELL SHORT,30175.5
2023-04-11 13:45:00,BUY,30136.5
2023-04-11 14:00:00,SELL SHORT,30268.0
2023-04-11 14:15:00,BUY,30243.0
2023-04-11 15:00:00,SELL SHORT,30075.0
2023-04-11 15:30:00,BUY,30218.0
2023-04-11 16:00:00,SELL SHORT,30214.5
2023-04-11 16:30:00,BUY,30217.5
2023-04-11 17:30:00,SELL SHORT,30173.5
2023-04-11 18:15:00,BUY,30228.5
2023-04-11 18:45:00,SELL SHORT,30205.5
2023-04-11 19:45:00,BUY,30196.0
2023-04-11 20:45:00,SELL SHORT,30146.5
2023-04-11 21:30:00,BUY,30202.5
2023-04-11 22:00:00,SELL SHORT,30213.5
2023-04-11 22:30:00,BUY,30204.0
2023-04-11 22:45:00,SELL SHORT,30230.0
2023-04-11 23:15:00,BUY,30253.5
2023-04-11 23:45:00,SELL SHORT,30251.0
2023-04-12 00:00:00,BUY,30228.5
2023-04-12 00:15:00,SELL SHORT,30269.0
2023-04-12 00:45:00,BUY,30307.5
2023-04-12 01:15:00,SELL SHORT,30257.5
2023-04-12 01:30:00,BUY,30248.5
2023-04-12 02:45:00,SELL SHORT,29969.5
2023-04-12 03:00:00,BUY,29933.5
2023-04-12 03:15:00,SELL SHORT,29969.0
2023-04-12 03:45:00,BUY,29952.0
2023-04-12 04:15:00,SELL SHORT,29957.0
2023-04-12 05:15:00,BUY,29971.0
2023-04-12 05:45:00,SELL SHORT,29957.0
2023-04-12 06:00:00,BUY,29943.5
2023-04-12 06:30:00,SELL SHORT,29920.0
2023-04-12 07:45:00,BUY,30030.0
2023-04-12 08:15:00,SELL SHORT,30040.5
2023-04-12 08:30:00,BUY,30006.0
2023-04-12 09:15:00,SELL SHORT,29948.5
2023-04-12 10:15:00,BUY,30015.0
2023-04-12 10:30:00,SELL SHORT,30038.0
2023-04-12 10:45:00,BUY,30019.5
2023-04-12 12:00:00,SELL SHORT,30030.0
2023-04-12 12:15:00,BUY,29991.5
2023-04-12 12:30:00,SELL SHORT,30024.0
2023-04-12 13:00:00,BUY,30212.5
2023-04-12 13:15:00,SELL SHORT,30248.5
2023-04-12 13:30:00,BUY,30191.0
2023-04-12 14:15:00,SELL SHORT,30152.0
2023-04-12 14:45:00,BUY,30122.0
2023-04-12 15:30:00,SELL SHORT,29935.0
2023-04-12 15:45:00,BUY,29930.0
2023-04-12 16:00:00,SELL SHORT,29979.0
2023-04-12 16:45:00,BUY,29956.5
2023-04-12 17:00:00,SELL SHORT,29961.5
2023-04-12 18:00:00,BUY,30037.5
2023-04-12 18:15:00,SELL SHORT,30055.5
2023-04-12 18:30:00,BUY,29966.0
2023-04-12 19:45:00,SELL SHORT,29891.5
2023-04-12 20:00:00,BUY,29805.5
2023-04-12 20:15:00,SELL SHORT,29859.5
2023-04-12 21:15:00,BUY,29953.5
2023-04-12 21:30:00,SELL SHORT,29965.0
2023-04-12 22:00:00,BUY,29965.0
2023-04-12 22:30:00,SELL SHORT,29955.0
2023-04-12 22:45:00,BUY,29930.0
2023-04-12 23:15:00,SELL SHORT,29897.5
2023-04-12 23:45:00,BUY,29892.5
2023-04-13 00:00:00,SELL SHORT,29900.5
2023-04-13 01:00:00,BUY,29999.5
2023-04-13 01:15:00,SELL SHORT,30003.5
2023-04-13 01:30:00,BUY,29990.0
2023-04-13 01:45:00,SELL SHORT,30062.5
2023-04-13 02:15:00,BUY,30041.0
2023-04-13 02:30:00,SELL SHORT,30052.0
2023-04-13 03:00:00,BUY,30126.5
2023-04-13 04:00:00,SELL SHORT,30092.0
2023-04-13 04:15:00,BUY,30080.5
2023-04-13 04:30:00,SELL SHORT,30108.5
2023-04-13 04:45:00,BUY,30071.5
2023-04-13 05:30:00,SELL SHORT,30089.0
2023-04-13 06:15:00,BUY,30104.0
2023-04-13 07:15:00,SELL SHORT,30070.0
2023-04-13 07:30:00,BUY,30063.5
2023-04-13 07:45:00,SELL SHORT,30072.5
2023-04-13 08:15:00,BUY,30064.0
2023-04-13 08:30:00,SELL SHORT,30082.0
2023-04-13 09:30:00,BUY,30279.5
2023-04-13 10:00:00,SELL SHORT,30229.5
2023-04-13 10:15:00,BUY,30202.0
2023-04-13 10:30:00,SELL SHORT,30224.0
2023-04-13 11:15:00,BUY,30213.0
2023-04-13 11:30:00,SELL SHORT,30225.0
2023-04-13 11:45:00,BUY,30213.0
2023-04-13 12:15:00,SELL SHORT,30205.0
2023-04-13 13:15:00,BUY,30264.0
2023-04-13 14:15:00,SELL SHORT,30233.5
2023-04-13 15:15:00,BUY,30363.0
2023-04-13 15:30:00,SELL SHORT,30432.0
2023-04-13 15:45:00,BUY,30429.5
2023-04-13 16:00:00,SELL SHORT,30468.0
2023-04-13 16:15:00,BUY,30385.0
2023-04-13 17:15:00,SELL SHORT,30401.0
2023-04-13 17:30:00,BUY,30380.0
2023-04-13 17:45:00,SELL SHORT,30388.0
2023-04-13 18:30:00,BUY,30463.5
2023-04-13 18:45:00,SELL SHORT,30469.0
2023-04-13 19:15:00,BUY,30422.0
2023-04-13 20:30:00,SELL SHORT,30267.0
2023-04-13 21:30:00,BUY,30308.0
2023-04-13 21:45:00,SELL SHORT,30350.5
2023-04-13 22:00:00,BUY,30316.0
2023-04-13 22:15:00,SELL SHORT,30366.0
2023-04-13 22:45:00,BUY,30357.0
2023-04-13 23:30:00,SELL SHORT,30328.5
2023-04-14 00:15:00,BUY,30386.0
2023-04-14 00:30:00,SELL SHORT,30419.0
2023-04-14 01:30:00,BUY,30818.0
2023-04-14 01:45:00,SELL SHORT,30858.5
2023-04-14 02:00:00,BUY,30817.0
2023-04-14 02:15:00,SELL SHORT,30846.0
2023-04-14 02:30:00,BUY,30785.0
2023-04-14 03:15:00,SELL SHORT,30650.0
2023-04-14 04:30:00,BUY,30753.0
2023-04-14 05:00:00,SELL SHORT,30742.0
2023-04-14 05:30:00,BUY,30795.5
2023-04-14 05:45:00,SELL SHORT,30837.5
2023-04-14 06:00:00,BUY,30816.0
2023-04-14 06:30:00,SELL SHORT,30851.0
2023-04-14 07:15:00,BUY,30940.0
2023-04-14 07:30:00,SELL SHORT,30975.5
2023-04-14 07:45:00,BUY,30816.0
2023-04-14 08:15:00,SELL SHORT,30786.0
2023-04-14 08:30:00,BUY,30721.5
2023-04-14 08:45:00,SELL SHORT,30722.0
2023-04-14 09:15:00,BUY,30729.0
2023-04-14 09:30:00,SELL SHORT,30772.5
2023-04-14 10:45:00,BUY,30808.0
2023-04-14 11:15:00,SELL SHORT,30804.5
2023-04-14 11:30:00,BUY,30785.5
2023-04-14 12:00:00,SELL SHORT,30822.5
2023-04-14 12:30:00,BUY,30836.5
2023-04-14 13:15:00,SELL SHORT,30676.0
2023-04-14 14:15:00,BUY,30630.5
2023-04-14 15:00:00,SELL SHORT,30613.0
2023-04-14 15:15:00,BUY,30421.5
2023-04-14 15:45:00,SELL SHORT,30278.5
2023-04-14 16:00:00,BUY,30257.5
2023-04-14 16:15:00,SELL SHORT,30263.5
2023-04-14 16:30:00,BUY,30205.5
2023-04-14 17:00:00,SELL SHORT,30153.5
2023-04-14 17:45:00,BUY,30235.5
2023-04-14 18:00:00,SELL SHORT,30273.5
2023-04-14 18:45:00,BUY,30290.5
2023-04-14 19:30:00,SELL SHORT,30278.0
2023-04-14 20:00:00,BUY,30331.5
2023-04-14 20:15:00,SELL SHORT,30335.5
2023-04-14 21:00:00,BUY,30454.5
2023-04-14 21:15:00,SELL SHORT,30458.5
2023-04-14 22:00:00,BUY,30463.0
2023-04-14 22:45:00,SELL SHORT,30442.0
2023-04-14 23:15:00,BUY,30447.5
2023-04-15 00:00:00,SELL SHORT,30470.0
2023-04-15 00:15:00,BUY,30458.0
2023-04-15 00:30:00,SELL SHORT,30553.5
2023-04-15 00:45:00,BUY,30405.5
2023-04-15 01:45:00,SELL SHORT,30396.0
2023-04-15 02:45:00,BUY,30405.5
2023-04-15 03:15:00,SELL SHORT,30405.5
2023-04-15 03:30:00,BUY,30403.5
2023-04-15 04:45:00,SELL SHORT,30379.0
2023-04-15 05:00:00,BUY,30374.5
2023-04-15 05:15:00,SELL SHORT,30403.0
2023-04-15 06:15:00,BUY,30419.0
2023-04-15 07:00:00,SELL SHORT,30400.5
2023-04-15 07:45:00,BUY,30440.5
2023-04-15 08:00:00,SELL SHORT,30451.0
2023-04-15 08:15:00,BUY,30444.0
2023-04-15 09:15:00,SELL SHORT,30427.0
2023-04-15 10:15:00,BUY,30461.5
2023-04-15 11:00:00,SELL SHORT,30440.0
2023-04-15 11:15:00,BUY,30438.0
2023-04-15 11:45:00,SELL SHORT,30430.0
2023-04-15 12:00:00,BUY,30407.5
2023-04-15 12:15:00,SELL SHORT,30418.5
2023-04-15 13:30:00,BUY,30436.0
2023-04-15 14:15:00,SELL SHORT,30377.0
2023-04-15 15:00:00,BUY,30376.5
2023-04-15 15:15:00,SELL SHORT,30415.0
2023-04-15 16:00:00,BUY,30342.0
2023-04-15 16:30:00,SELL SHORT,30339.0
2023-04-15 16:45:00,BUY,30335.5
2023-04-15 17:00:00,SELL SHORT,30342.0
2023-04-15 17:15:00,BUY,30315.5
2023-04-15 18:15:00,SELL SHORT,30281.5
2023-04-15 19:15:00,BUY,30313.5
2023-04-15 19:45:00,SELL SHORT,30684.0
2023-04-15 20:00:00,BUY,30356.5
2023-04-15 21:30:00,SELL SHORT,30301.5
2023-04-15 22:00:00,BUY,30281.0
2023-04-15 22:15:00,SELL SHORT,30338.5
2023-04-15 23:15:00,BUY,30366.5
2023-04-16 00:45:00,SELL SHORT,30333.0
2023-04-16 01:00:00,BUY,30301.5
2023-04-16 01:30:00,SELL SHORT,30247.5
2023-04-16 01:45:00,BUY,30242.0
2023-04-16 02:00:00,SELL SHORT,30262.0
2023-04-16 02:30:00,BUY,30286.0
2023-04-16 02:45:00,SELL SHORT,30287.5
2023-04-16 03:15:00,BUY,30281.5
2023-04-16 04:00:00,SELL SHORT,30267.0
2023-04-16 05:30:00,BUY,30342.0
2023-04-16 05:45:00,SELL SHORT,30343.5
2023-04-16 06:00:00,BUY,30343.0
2023-04-16 06:30:00,SELL SHORT,30341.5
2023-04-16 07:00:00,BUY,30341.0
2023-04-16 07:30:00,SELL SHORT,30355.5
2023-04-16 08:15:00,BUY,30360.0
2023-04-16 08:45:00,SELL SHORT,30358.0
2023-04-16 09:15:00,BUY,30340.0
2023-04-16 10:15:00,SELL SHORT,30289.0
2023-04-16 11:30:00,BUY,30296.5
2023-04-16 12:15:00,SELL SHORT,30263.0
2023-04-16 12:45:00,BUY,30258.0
2023-04-16 13:00:00,SELL SHORT,30281.0
2023-04-16 13:15:00,BUY,30262.0
2023-04-16 14:00:00,SELL SHORT,30264.5
2023-04-16 15:15:00,BUY,30326.5
2023-04-16 15:30:00,SELL SHORT,30361.0
2023-04-16 15:45:00,BUY,30357.0
2023-04-16 16:45:00,SELL SHORT,30310.0
2023-04-16 17:15:00,BUY,30358.5
2023-04-16 18:15:00,SELL SHORT,30324.0
2023-04-16 18:45:00,BUY,30351.0
2023-04-16 19:00:00,SELL SHORT,30469.0
2023-04-16 19:45:00,BUY,30496.0
2023-04-16 20:30:00,SELL SHORT,30369.0
2023-04-16 21:00:00,BUY,30353.5
2023-04-16 21:30:00,SELL SHORT,30322.0
2023-04-16 22:15:00,BUY,30382.5
2023-04-16 22:45:00,SELL SHORT,30341.0
2023-04-16 23:15:00,BUY,30322.0
2023-04-17 00:00:00,SELL SHORT,30318.5
2023-04-17 00:30:00,BUY,30042.0
2023-04-17 01:15:00,SELL SHORT,29918.0
2023-04-17 02:00:00,BUY,29945.5
2023-04-17 02:30:00,SELL SHORT,29981.5
2023-04-17 03:00:00,BUY,30021.0
2023-04-17 04:00:00,SELL SHORT,29985.5
2023-04-17 04:15:00,BUY,29967.5
2023-04-17 04:45:00,SELL SHORT,29969.5
2023-04-17 05:30:00,BUY,29969.0
2023-04-17 06:00:00,SELL SHORT,29999.0
2023-04-17 06:30:00,BUY,29961.0
2023-04-17 07:15:00,SELL SHORT,29931.5
2023-04-17 07:30:00,BUY,29914.0
2023-04-17 08:30:00,SELL SHORT,29886.0
2023-04-17 09:30:00,BUY,29912.5
2023-04-17 10:15:00,SELL SHORT,29893.0
2023-04-17 10:30:00,BUY,29850.5
2023-04-17 10:45:00,SELL SHORT,29882.5
2023-04-17 11:15:00,BUY,29885.0
2023-04-17 12:00:00,SELL SHORT,29585.5
2023-04-17 12:15:00,BUY,29551.5
2023-04-17 13:00:00,SELL SHORT,29528.0
2023-04-17 13:15:00,BUY,29480.0
2023-04-17 13:45:00,SELL SHORT,29435.5
2023-04-17 14:00:00,BUY,29405.0
2023-04-17 14:15:00,SELL SHORT,29439.0
2023-04-17 14:45:00,BUY,29386.5
2023-04-17 15:00:00,SELL SHORT,29439.5
2023-04-17 15:15:00,BUY,29425.0
2023-04-17 16:00:00,SELL SHORT,29361.5
2023-04-17 17:30:00,BUY,29489.0
2023-04-17 18:30:00,SELL SHORT,29523.5
2023-04-17 19:00:00,BUY,29527.5
2023-04-17 19:30:00,SELL SHORT,29558.5
2023-04-17 19:45:00,BUY,29489.5
2023-04-17 20:15:00,SELL SHORT,29481.0
2023-04-17 20:30:00,BUY,29447.0
2023-04-17 20:45:00,SELL SHORT,29459.5
2023-04-17 21:00:00,BUY,29441.0
2023-04-17 21:45:00,SELL SHORT,29465.0
2023-04-17 22:00:00,BUY,29457.0
2023-04-17 22:15:00,SELL SHORT,29487.0
2023-04-17 23:00:00,BUY,29503.0
2023-04-18 00:15:00,SELL SHORT,29444.5
2023-04-18 00:30:00,BUY,29397.0
2023-04-18 01:00:00,SELL SHORT,29366.0
2023-04-18 01:15:00,BUY,29202.5
2023-04-18 01:30:00,SELL SHORT,29280.0
2023-04-18 02:00:00,BUY,29377.0
2023-04-18 02:15:00,SELL SHORT,29396.5
2023-04-18 03:00:00,BUY,29468.5
2023-04-18 03:15:00,SELL SHORT,29487.0
2023-04-18 03:30:00,BUY,29456.5
2023-04-18 03:45:00,SELL SHORT,29483.5
2023-04-18 04:00:00,BUY,29453.5
2023-04-18 04:15:00,SELL SHORT,29455.0
2023-04-18 05:00:00,BUY,29499.5
2023-04-18 05:15:00,SELL SHORT,29517.0
2023-04-18 06:00:00,BUY,29548.5
2023-04-18 06:15:00,SELL SHORT,29576.0
2023-04-18 06:45:00,BUY,29676.0
2023-04-18 07:00:00,SELL SHORT,29725.0
2023-04-18 07:15:00,BUY,29713.0
2023-04-18 07:30:00,SELL SHORT,29727.0
2023-04-18 08:30:00,BUY,29734.0
2023-04-18 09:00:00,SELL SHORT,29707.0
2023-04-18 10:15:00,BUY,29884.5
2023-04-18 10:30:00,SELL SHORT,29927.5
2023-04-18 10:45:00,BUY,29897.0
2023-04-18 11:00:00,SELL SHORT,29899.0
2023-04-18 12:30:00,BUY,30396.0
2023-04-18 13:00:00,SELL SHORT,30300.0
2023-04-18 14:15:00,BUY,30306.0
2023-04-18 14:45:00,SELL SHORT,30263.5
2023-04-18 15:00:00,BUY,30250.5
2023-04-18 15:30:00,SELL SHORT,30186.0
2023-04-18 15:45:00,BUY,30156.0
2023-04-18 16:00:00,SELL SHORT,30183.0
2023-04-18 16:30:00,BUY,30210.5
2023-04-18 16:45:00,SELL SHORT,30239.5
2023-04-18 17:00:00,BUY,30225.5
2023-04-18 17:15:00,SELL SHORT,30250.5
2023-04-18 17:30:00,BUY,30190.5
2023-04-18 18:15:00,SELL SHORT,30038.5
2023-04-18 18:45:00,BUY,30192.0
2023-04-18 19:15:00,SELL SHORT,30179.5
2023-04-18 19:30:00,BUY,30165.5
2023-04-18 19:45:00,SELL SHORT,30193.0
2023-04-18 21:00:00,BUY,30411.5
2023-04-18 22:00:00,SELL SHORT,30376.0
2023-04-18 22:15:00,BUY,30339.5
2023-04-18 23:00:00,SELL SHORT,30369.0
2023-04-18 23:15:00,BUY,30342.5
2023-04-18 23:45:00,SELL SHORT,30380.0
2023-04-19 00:15:00,BUY,30369.5
2023-04-19 01:00:00,SELL SHORT,30323.5
2023-04-19 01:15:00,BUY,30281.5
2023-04-19 01:30:00,SELL SHORT,30311.5
2023-04-19 01:45:00,BUY,30298.5
2023-04-19 02:30:00,SELL SHORT,30255.0
2023-04-19 02:45:00,BUY,30221.0
2023-04-19 03:15:00,SELL SHORT,30217.5
2023-04-19 03:45:00,BUY,30217.0
2023-04-19 04:30:00,SELL SHORT,30224.5
2023-04-19 04:45:00,BUY,30221.5
2023-04-19 05:15:00,SELL SHORT,30222.0
2023-04-19 06:00:00,BUY,30272.0
2023-04-19 07:15:00,SELL SHORT,30036.5
2023-04-19 07:45:00,BUY,30092.5
2023-04-19 09:15:00,SELL SHORT,29218.0
2023-04-19 09:30:00,BUY,29211.5
2023-04-19 09:45:00,SELL SHORT,29272.0
2023-04-19 10:00:00,BUY,29201.0
2023-04-19 10:30:00,SELL SHORT,29202.0
2023-04-19 10:45:00,BUY,29153.0
2023-04-19 11:00:00,SELL SHORT,29257.0
2023-04-19 11:30:00,BUY,29270.5
2023-04-19 11:45:00,SELL SHORT,29288.0
2023-04-19 12:15:00,BUY,29229.5
2023-04-19 12:30:00,SELL SHORT,29250.5
2023-04-19 12:45:00,BUY,29238.5
2023-04-19 13:30:00,SELL SHORT,29267.5
2023-04-19 14:30:00,BUY,29399.0
2023-04-19 14:45:00,SELL SHORT,29475.5
2023-04-19 15:00:00,BUY,29398.5
2023-04-19 15:30:00,SELL SHORT,29382.0
2023-04-19 15:45:00,BUY,29253.0
2023-04-19 16:00:00,SELL SHORT,29274.5
2023-04-19 17:00:00,BUY,29328.0
2023-04-19 18:00:00,SELL SHORT,29323.5
2023-04-19 18:15:00,BUY,29320.0
2023-04-19 19:00:00,SELL SHORT,29287.0
2023-04-19 19:30:00,BUY,29302.5
2023-04-19 20:15:00,SELL SHORT,29263.5
2023-04-19 20:30:00,BUY,29213.0
2023-04-19 21:00:00,SELL SHORT,29240.0
2023-04-19 21:15:00,BUY,29200.5
2023-04-19 22:00:00,SELL SHORT,29161.0
2023-04-19 22:30:00,BUY,29081.5
2023-04-19 22:45:00,SELL SHORT,29146.5
2023-04-19 23:00:00,BUY,29082.0
2023-04-19 23:45:00,SELL SHORT,28776.5
2023-04-20 00:15:00,BUY,28759.0
2023-04-20 00:30:00,SELL SHORT,28915.0
2023-04-20 01:00:00,BUY,28922.0
2023-04-20 01:45:00,SELL SHORT,28961.0
2023-04-20 02:00:00,BUY,28933.0
2023-04-20 03:15:00,SELL SHORT,28803.0
2023-04-20 03:45:00,BUY,28837.0
2023-04-20 04:00:00,SELL SHORT,28856.0
2023-04-20 04:45:00,BUY,28906.0
2023-04-20 05:15:00,SELL SHORT,28905.0
2023-04-20 05:30:00,BUY,28868.0
2023-04-20 06:00:00,SELL SHORT,28895.0
2023-04-20 06:45:00,BUY,28948.5
2023-04-20 07:30:00,SELL SHORT,28921.5
2023-04-20 07:45:00,BUY,28891.0
2023-04-20 08:15:00,SELL SHORT,28920.5
2023-04-20 08:30:00,BUY,28913.5
2023-04-20 09:00:00,SELL SHORT,28828.5
2023-04-20 10:00:00,BUY,28871.0
2023-04-20 10:45:00,SELL SHORT,28834.5
2023-04-20 11:15:00,BUY,28774.0
2023-04-20 12:15:00,SELL SHORT,28639.5
2023-04-20 13:15:00,BUY,28848.0
2023-04-20 14:00:00,SELL SHORT,28828.0
2023-04-20 14:30:00,BUY,28780.5
2023-04-20 15:30:00,SELL SHORT,28703.5
2023-04-20 15:45:00,BUY,28559.0
2023-04-20 16:15:00,SELL SHORT,28529.5
2023-04-20 17:00:00,BUY,28449.5
2023-04-20 17:15:00,SELL SHORT,28500.0
2023-04-20 17:45:00,BUY,28513.0
2023-04-20 18:15:00,SELL SHORT,28516.5
2023-04-20 18:30:00,BUY,28348.0
2023-04-20 19:00:00,SELL SHORT,28360.5
2023-04-20 19:15:00,BUY,28255.5
2023-04-20 19:45:00,SELL SHORT,28181.0
2023-04-20 20:00:00,BUY,28101.5
2023-04-20 20:30:00,SELL SHORT,28216.5
2023-04-20 21:00:00,BUY,28202.5
2023-04-20 21:15:00,SELL SHORT,28230.0
2023-04-20 21:30:00,BUY,28202.5
2023-04-20 21:45:00,SELL SHORT,28219.5
2023-04-20 22:30:00,BUY,28278.5
2023-04-20 23:00:00,SELL SHORT,28244.0
2023-04-20 23:30:00,BUY,28215.5
2023-04-20 23:45:00,SELL SHORT,28239.0
2023-04-21 00:00:00,BUY,28234.0
2023-04-21 00:15:00,SELL SHORT,28293.0
2023-04-21 00:30:00,BUY,28141.5
2023-04-21 00:45:00,SELL SHORT,28267.0
2023-04-21 01:15:00,BUY,28232.5
2023-04-21 01:30:00,SELL SHORT,28252.5
2023-04-21 01:45:00,BUY,28218.0
2023-04-21 02:15:00,SELL SHORT,28239.0
2023-04-21 02:30:00,BUY,28176.0
2023-04-21 02:45:00,SELL SHORT,28217.5
2023-04-21 03:45:00,BUY,28295.5
2023-04-21 04:00:00,SELL SHORT,28318.0
2023-04-21 04:30:00,BUY,28301.0
2023-04-21 05:15:00,SELL SHORT,28243.5
2023-04-21 05:30:00,BUY,28228.5
2023-04-21 05:45:00,SELL SHORT,28241.0
2023-04-21 06:00:00,BUY,28163.0
2023-04-21 06:15:00,SELL SHORT,28165.0
2023-04-21 06:45:00,BUY,28034.5
2023-04-21 07:15:00,SELL SHORT,27991.5
2023-04-21 07:30:00,BUY,27866.0
2023-04-21 07:45:00,SELL SHORT,27949.0
2023-04-21 08:15:00,BUY,28088.5
2023-04-21 08:30:00,SELL SHORT,28117.5
2023-04-21 08:45:00,BUY,28052.0
2023-04-21 09:00:00,SELL SHORT,28073.0
2023-04-21 09:15:00,BUY,28032.5
2023-04-21 09:45:00,SELL SHORT,28076.5
2023-04-21 10:00:00,BUY,28061.5
2023-04-21 10:30:00,SELL SHORT,28109.0
2023-04-21 10:45:00,BUY,28045.5
2023-04-21 11:30:00,SELL SHORT,27999.0
2023-04-21 12:45:00,BUY,28171.0
2023-04-21 13:00:00,SELL SHORT,28215.0
2023-04-21 13:15:00,BUY,28204.5
2023-04-21 13:45:00,SELL SHORT,28262.5
2023-04-21 14:00:00,BUY,28106.5
2023-04-21 14:30:00,SELL SHORT,28173.5
2023-04-21 14:45:00,BUY,28087.5
2023-04-21 15:15:00,SELL SHORT,28062.0
2023-04-21 16:00:00,BUY,28036.0
2023-04-21 16:15:00,SELL SHORT,28046.5
2023-04-21 16:30:00,BUY,27979.0
2023-04-21 16:45:00,SELL SHORT,28034.0
2023-04-21 17:30:00,BUY,27884.5
2023-04-21 17:45:00,SELL SHORT,27917.0
2023-04-21 18:00:00,BUY,27901.0
2023-04-21 18:15:00,SELL SHORT,27927.5
2023-04-21 18:45:00,BUY,27838.0
2023-04-21 20:15:00,SELL SHORT,27290.5
2023-04-21 20:45:00,BUY,27284.5
2023-04-21 21:15:00,SELL SHORT,27342.0
2023-04-21 21:45:00,BUY,27301.0
2023-04-21 22:15:00,SELL SHORT,27312.5
2023-04-21 22:30:00,BUY,27249.0
2023-04-21 23:00:00,SELL SHORT,27257.0
2023-04-21 23:30:00,BUY,27289.0
2023-04-21 23:45:00,SELL SHORT,27292.5
2023-04-22 00:00:00,BUY,27256.5
2023-04-22 00:15:00,SELL SHORT,27302.0
2023-04-22 00:30:00,BUY,27278.5
2023-04-22 01:30:00,SELL SHORT,27214.5
2023-04-22 02:30:00,BUY,27244.0
2023-04-22 03:15:00,SELL SHORT,27238.5
2023-04-22 04:15:00,BUY,27314.5
2023-04-22 04:30:00,SELL SHORT,27324.5
2023-04-22 04:45:00,BUY,27308.5
2023-04-22 05:00:00,SELL SHORT,27337.0
2023-04-22 05:15:00,BUY,27306.5
2023-04-22 05:30:00,SELL SHORT,27329.5
2023-04-22 06:15:00,BUY,27347.0
2023-04-22 06:45:00,SELL SHORT,27323.5
2023-04-22 07:15:00,BUY,27334.5
2023-04-22 08:45:00,SELL SHORT,27260.5
2023-04-22 09:00:00,BUY,27207.5
2023-04-22 09:15:00,SELL SHORT,27237.0
2023-04-22 09:30:00,BUY,27231.0
2023-04-22 09:45:00,SELL SHORT,27265.0
2023-04-22 10:00:00,BUY,27241.0
2023-04-22 10:15:00,SELL SHORT,27246.0
2023-04-22 10:30:00,BUY,27223.0
2023-04-22 11:00:00,SELL SHORT,27249.5
2023-04-22 11:30:00,BUY,27251.0
2023-04-22 11:45:00,SELL SHORT,27288.0
2023-04-22 12:00:00,BUY,27287.5
2023-04-22 12:30:00,SELL SHORT,27304.5
2023-04-22 13:30:00,BUY,27285.5
2023-04-22 14:30:00,SELL SHORT,27306.5
2023-04-22 15:15:00,BUY,27433.5
2023-04-22 15:30:00,SELL SHORT,27459.0
2023-04-22 15:45:00,BUY,27445.5
2023-04-22 16:00:00,SELL SHORT,27477.0
2023-04-22 16:30:00,BUY,27599.5
2023-04-22 16:45:00,SELL SHORT,27641.0
2023-04-22 17:00:00,BUY,27575.0
2023-04-22 17:15:00,SELL SHORT,27631.0
2023-04-22 17:45:00,BUY,27696.5
2023-04-22 19:00:00,SELL SHORT,27596.0
2023-04-22 19:30:00,BUY,27616.5
2023-04-22 19:45:00,SELL SHORT,27634.0
2023-04-22 20:00:00,BUY,27619.5
2023-04-22 20:15:00,SELL SHORT,27652.0
2023-04-22 21:00:00,BUY,27636.5
2023-04-22 21:30:00,SELL SHORT,27610.0
2023-04-22 22:30:00,BUY,27741.0
2023-04-22 22:45:00,SELL SHORT,27832.5
2023-04-22 23:15:00,BUY,27819.5
2023-04-22 23:45:00,SELL SHORT,27834.0
2023-04-23 00:00:00,BUY,27804.0
2023-04-23 01:00:00,SELL SHORT,27536.0
2023-04-23 01:45:00,BUY,27488.5
2023-04-23 02:00:00,SELL SHORT,27550.5
2023-04-23 02:15:00,BUY,27493.0
2023-04-23 02:30:00,SELL SHORT,27553.0
2023-04-23 03:00:00,BUY,27592.5
2023-04-23 03:30:00,SELL SHORT,27623.5
2023-04-23 03:45:00,BUY,27571.0
2023-04-23 04:15:00,SELL SHORT,27563.5
2023-04-23 05:15:00,BUY,27588.0
2023-04-23 06:00:00,SELL SHORT,27579.0
2023-04-23 06:45:00,BUY,27592.0
2023-04-23 07:30:00,SELL SHORT,27588.0
2023-04-23 08:30:00,BUY,27686.5
2023-04-23 08:45:00,SELL SHORT,27701.0
2023-04-23 09:15:00,BUY,27691.5
2023-04-23 10:00:00,SELL SHORT,27626.0
2023-04-23 10:30:00,BUY,27548.0
2023-04-23 11:15:00,SELL SHORT,27548.5
2023-04-23 11:30:00,BUY,27548.0
2023-04-23 11:45:00,SELL SHORT,27577.0
2023-04-23 12:15:00,BUY,27614.0
2023-04-23 12:30:00,SELL SHORT,27657.0
2023-04-23 12:45:00,BUY,27633.0
2023-04-23 13:30:00,SELL SHORT,27611.5
2023-04-23 14:00:00,BUY,27629.5
2023-04-23 14:30:00,SELL SHORT,27643.0
2023-04-23 15:00:00,BUY,27545.5
2023-04-23 15:45:00,SELL SHORT,27424.0
2023-04-23 16:15:00,BUY,27392.5
2023-04-23 16:30:00,SELL SHORT,27542.5
2023-04-23 17:00:00,BUY,27589.5
2023-04-23 17:15:00,SELL SHORT,27604.0
2023-04-23 17:30:00,BUY,27535.0
2023-04-23 17:45:00,SELL SHORT,27540.5
2023-04-23 18:00:00,BUY,27513.5
2023-04-23 18:45:00,SELL SHORT,27524.5
2023-04-23 19:00:00,BUY,27451.5
2023-04-23 19:15:00,SELL SHORT,27476.5
2023-04-23 19:30:00,BUY,27454.0
2023-04-23 19:45:00,SELL SHORT,27487.5
2023-04-23 20:00:00,BUY,27456.0
2023-04-23 20:15:00,SELL SHORT,27486.0
2023-04-23 20:45:00,BUY,27498.0
2023-04-23 21:15:00,SELL SHORT,27525.0
2023-04-23 21:30:00,BUY,27500.5
2023-04-23 21:45:00,SELL SHORT,27511.5
2023-04-23 22:00:00,BUY,27503.5
2023-04-23 22:30:00,SELL SHORT,27522.5
2023-04-23 23:45:00,BUY,27564.5
2023-04-24 00:00:00,SELL SHORT,27579.0
2023-04-24 00:15:00,BUY,27558.0
2023-04-24 01:00:00,SELL SHORT,27783.5
2023-04-24 01:30:00,BUY,27813.0
2023-04-24 02:15:00,SELL SHORT,27783.5
2023-04-24 02:30:00,BUY,27712.0
2023-04-24 03:00:00,SELL SHORT,27727.5
2023-04-24 03:30:00,BUY,27713.5
2023-04-24 03:45:00,SELL SHORT,27767.5
2023-04-24 04:15:00,BUY,27752.5
2023-04-24 05:15:00,SELL SHORT,27720.0
2023-04-24 05:45:00,BUY,27675.0
2023-04-24 06:15:00,SELL SHORT,27689.5
2023-04-24 06:30:00,BUY,27660.0
2023-04-24 07:30:00,SELL SHORT,27460.5
2023-04-24 07:45:00,BUY,27445.5
2023-04-24 08:15:00,SELL SHORT,27487.5
2023-04-24 08:30:00,BUY,27380.5
2023-04-24 09:15:00,SELL SHORT,27260.5
2023-04-24 10:00:00,BUY,27302.0
2023-04-24 10:15:00,SELL SHORT,27328.0
2023-04-24 11:30:00,BUY,27398.5
2023-04-24 11:45:00,SELL SHORT,27457.5
2023-04-24 12:15:00,BUY,27479.0
2023-04-24 12:30:00,SELL SHORT,27488.5
2023-04-24 12:45:00,BUY,27479.0
2023-04-24 13:15:00,SELL SHORT,27446.5
2023-04-24 13:30:00,BUY,27406.0
2023-04-24 13:45:00,SELL SHORT,27667.5
2023-04-24 14:00:00,BUY,27615.0
2023-04-24 14:15:00,SELL SHORT,27648.0
2023-04-24 14:30:00,BUY,27598.5
2023-04-24 15:00:00,SELL SHORT,27419.0
2023-04-24 15:15:00,BUY,27369.0
2023-04-24 15:45:00,SELL SHORT,27249.0
2023-04-24 17:00:00,BUY,27108.5
2023-04-24 17:15:00,SELL SHORT,27249.0
2023-04-24 18:15:00,BUY,27362.5
2023-04-24 18:30:00,SELL SHORT,27446.0
2023-04-24 18:45:00,BUY,27316.5
2023-04-24 19:00:00,SELL SHORT,27324.5
2023-04-24 19:30:00,BUY,27331.0
2023-04-24 19:45:00,SELL SHORT,27389.5
2023-04-24 20:00:00,BUY,27367.5
2023-04-24 20:15:00,SELL SHORT,27430.5
2023-04-24 20:30:00,BUY,27416.5
2023-04-24 21:00:00,SELL SHORT,27444.0
2023-04-24 21:15:00,BUY,27426.0
2023-04-24 21:45:00,SELL SHORT,27373.5
2023-04-24 22:15:00,BUY,27399.5
2023-04-24 22:30:00,SELL SHORT,27436.5
2023-04-24 23:45:00,BUY,27488.5
2023-04-25 00:00:00,SELL SHORT,27499.5
2023-04-25 00:30:00,BUY,27472.0
2023-04-25 01:15:00,SELL SHORT,27462.5
2023-04-25 01:30:00,BUY,27460.0
2023-04-25 02:30:00,SELL SHORT,27367.0
2023-04-25 03:00:00,BUY,27394.5
2023-04-25 03:30:00,SELL SHORT,27405.0
2023-04-25 04:00:00,BUY,27338.5
2023-04-25 04:15:00,SELL SHORT,27360.0
2023-04-25 05:00:00,BUY,27393.5
2023-04-25 05:30:00,SELL SHORT,27366.5
2023-04-25 06:15:00,BUY,27402.5
2023-04-25 06:30:00,SELL SHORT,27425.5
2023-04-25 06:45:00,BUY,27420.0
2023-04-25 07:15:00,SELL SHORT,27362.5
2023-04-25 07:30:00,BUY,27346.0
2023-04-25 08:00:00,SELL SHORT,27258.0
2023-04-25 09:15:00,BUY,27387.0
2023-04-25 09:45:00,SELL SHORT,27338.0
2023-04-25 10:00:00,BUY,27305.5
2023-04-25 10:15:00,SELL SHORT,27315.5
2023-04-25 10:30:00,BUY,27289.0
2023-04-25 10:45:00,SELL SHORT,27332.5
2023-04-25 11:00:00,BUY,27320.5
2023-04-25 11:15:00,SELL SHORT,27388.0
2023-04-25 11:30:00,BUY,27323.0
2023-04-25 11:45:00,SELL SHORT,27397.5
2023-04-25 12:00:00,BUY,27381.0
2023-04-25 12:30:00,SELL SHORT,27405.5
2023-04-25 12:45:00,BUY,27366.0
2023-04-25 13:00:00,SELL SHORT,27387.5
2023-04-25 13:45:00,BUY,27378.0
2023-04-25 14:30:00,SELL SHORT,27289.0
2023-04-25 14:45:00,BUY,27249.0
2023-04-25 15:00:00,SELL SHORT,27285.0
2023-04-25 15:30:00,BUY,27353.5
2023-04-25 16:30:00,SELL SHORT,27376.5
2023-04-25 17:00:00,BUY,27379.5
2023-04-25 17:30:00,SELL SHORT,27353.5
2023-04-25 18:45:00,BUY,27611.0
2023-04-25 19:30:00,SELL SHORT,27498.5
2023-04-25 21:45:00,BUY,28183.5
2023-04-25 22:00:00,SELL SHORT,28270.0
2023-04-25 22:15:00,BUY,28250.5
2023-04-25 22:45:00,SELL SHORT,28255.0
2023-04-25 23:00:00,BUY,28233.5
2023-04-25 23:30:00,SELL SHORT,28258.5
2023-04-26 00:45:00,BUY,28383.0
2023-04-26 01:30:00,SELL SHORT,28292.0
2023-04-26 02:30:00,BUY,28357.5
2023-04-26 03:00:00,SELL SHORT,28377.0
2023-04-26 03:15:00,BUY,28369.0
2023-04-26 03:45:00,SELL SHORT,28328.0
2023-04-26 04:00:00,BUY,28306.5
2023-04-26 04:15:00,SELL SHORT,28327.0
2023-04-26 04:45:00,BUY,28344.5
2023-04-26 05:15:00,SELL SHORT,28349.0
2023-04-26 05:45:00,BUY,28381.5
2023-04-26 06:15:00,SELL SHORT,28437.5
2023-04-26 06:30:00,BUY,28363.0
2023-04-26 06:45:00,SELL SHORT,28365.0
2023-04-26 07:15:00,BUY,28386.0
2023-04-26 08:00:00,SELL SHORT,28370.0
2023-04-26 08:45:00,BUY,28644.0
2023-04-26 09:00:00,SELL SHORT,28731.5
2023-04-26 10:15:00,BUY,28816.0
2023-04-26 10:30:00,SELL SHORT,28868.0
2023-04-26 11:15:00,BUY,28965.5
2023-04-26 11:45:00,SELL SHORT,28959.0
2023-04-26 12:00:00,BUY,28948.5
2023-04-26 12:15:00,SELL SHORT,29092.5
2023-04-26 12:45:00,BUY,29817.0
2023-04-26 13:00:00,SELL SHORT,29952.5
2023-04-26 13:15:00,BUY,29829.0
2023-04-26 13:30:00,SELL SHORT,29844.5
2023-04-26 13:45:00,BUY,29724.0
2023-04-26 14:00:00,SELL SHORT,29837.0
2023-04-26 14:15:00,BUY,29769.0
2023-04-26 15:00:00,SELL SHORT,29696.0
2023-04-26 15:30:00,BUY,29692.0
2023-04-26 15:45:00,SELL SHORT,29797.0
2023-04-26 16:30:00,BUY,29807.5
2023-04-26 17:00:00,SELL SHORT,29796.5
2023-04-26 17:15:00,BUY,29791.0
2023-04-26 17:45:00,SELL SHORT,29821.5
2023-04-26 18:00:00,BUY,29712.0
2023-04-26 18:15:00,SELL SHORT,29735.0
2023-04-26 18:45:00,BUY,29715.5
2023-04-26 19:00:00,SELL SHORT,29728.0
2023-04-26 19:15:00,BUY,29590.0
2023-04-26 20:45:00,SELL SHORT,28108.5
2023-04-26 21:15:00,BUY,28234.0
2023-04-26 21:30:00,SELL SHORT,28285.5
2023-04-26 21:45:00,BUY,28244.0
2023-04-26 22:00:00,SELL SHORT,28671.0
2023-04-26 22:15:00,BUY,28561.5
2023-04-26 23:00:00,SELL SHORT,28292.5
2023-04-26 23:30:00,BUY,28378.5
2023-04-27 00:00:00,SELL SHORT,28417.0
2023-04-27 00:45:00,BUY,29185.0
2023-04-27 01:00:00,SELL SHORT,29235.0
2023-04-27 01:15:00,BUY,29047.0
2023-04-27 01:45:00,SELL SHORT,28861.0
2023-04-27 02:00:00,BUY,28739.5
2023-04-27 02:15:00,SELL SHORT,29070.5
2023-04-27 02:30:00,BUY,28946.0
2023-04-27 02:45:00,SELL SHORT,28966.0
2023-04-27 03:15:00,BUY,28879.0
2023-04-27 03:30:00,SELL SHORT,28935.5
2023-04-27 04:00:00,BUY,28877.5
2023-04-27 04:15:00,SELL SHORT,28956.0
2023-04-27 05:15:00,BUY,29056.5
2023-04-27 05:30:00,SELL SHORT,29154.5
2023-04-27 05:45:00,BUY,29116.5
2023-04-27 06:45:00,SELL SHORT,29016.5
2023-04-27 07:00:00,BUY,28800.5
2023-04-27 07:15:00,SELL SHORT,28841.5
2023-04-27 07:30:00,BUY,28826.5
2023-04-27 07:45:00,SELL SHORT,28876.5
2023-04-27 08:15:00,BUY,28813.0
2023-04-27 08:30:00,SELL SHORT,28985.5
2023-04-27 09:00:00,BUY,28948.5
2023-04-27 09:45:00,SELL SHORT,28982.5
2023-04-27 10:00:00,BUY,28931.5
2023-04-27 10:15:00,SELL SHORT,28975.5
2023-04-27 10:30:00,BUY,28950.0
2023-04-27 10:45:00,SELL SHORT,29020.0
2023-04-27 11:00:00,BUY,28986.0
2023-04-27 11:15:00,SELL SHORT,29086.5
2023-04-27 11:30:00,BUY,29049.0
2023-04-27 12:15:00,SELL SHORT,28999.5
2023-04-27 12:30:00,BUY,28999.0
2023-04-27 13:00:00,SELL SHORT,28856.5
2023-04-27 13:30:00,BUY,28894.5
2023-04-27 14:00:00,SELL SHORT,28926.0
2023-04-27 14:30:00,BUY,29005.0
2023-04-27 14:45:00,SELL SHORT,29022.5
2023-04-27 15:00:00,BUY,28967.5
2023-04-27 15:15:00,SELL SHORT,29012.5
2023-04-27 15:45:00,BUY,29044.0
2023-04-27 16:00:00,SELL SHORT,29141.0
2023-04-27 16:15:00,BUY,29085.0
2023-04-27 16:30:00,SELL SHORT,29125.0
2023-04-27 16:45:00,BUY,29093.5
2023-04-27 17:00:00,SELL SHORT,29130.0
2023-04-27 19:00:00,BUY,29769.0
2023-04-27 19:30:00,SELL SHORT,29639.5
2023-04-27 20:00:00,BUY,29674.5
2023-04-27 20:30:00,SELL SHORT,29549.0
2023-04-27 21:30:00,BUY,29698.5
2023-04-27 22:00:00,SELL SHORT,29638.0
2023-04-27 22:15:00,BUY,29597.0
2023-04-27 23:15:00,SELL SHORT,29420.0
2023-04-27 23:45:00,BUY,29427.0
2023-04-28 00:00:00,SELL SHORT,29474.5
2023-04-28 00:15:00,BUY,29434.5
2023-04-28 00:45:00,SELL SHORT,29419.0
2023-04-28 01:15:00,BUY,29473.5
2023-04-28 01:45:00,SELL SHORT,29538.5
2023-04-28 02:00:00,BUY,29508.0
2023-04-28 02:30:00,SELL SHORT,29465.0
2023-04-28 02:45:00,BUY,29406.0
2023-04-28 03:45:00,SELL SHORT,29401.0
2023-04-28 04:30:00,BUY,29475.0
2023-04-28 05:00:00,SELL SHORT,29496.0
2023-04-28 05:15:00,BUY,29482.5
2023-04-28 05:45:00,SELL SHORT,29526.0
2023-04-28 06:00:00,BUY,29473.5
2023-04-28 06:15:00,SELL SHORT,29475.5
2023-04-28 06:30:00,BUY,29428.5
2023-04-28 06:45:00,SELL SHORT,29431.5
2023-04-28 07:30:00,BUY,29454.0
2023-04-28 07:45:00,SELL SHORT,29490.0
2023-04-28 08:00:00,BUY,29486.5
2023-04-28 09:00:00,SELL SHORT,29255.5
2023-04-28 09:15:00,BUY,29209.0
2023-04-28 09:30:00,SELL SHORT,29215.5
2023-04-28 10:00:00,BUY,29204.0
2023-04-28 10:15:00,SELL SHORT,29206.0
2023-04-28 11:00:00,BUY,29259.5
2023-04-28 11:15:00,SELL SHORT,29297.0
2023-04-28 11:45:00,BUY,29288.0
2023-04-28 12:15:00,SELL SHORT,29259.0
2023-04-28 12:45:00,BUY,29324.5
2023-04-28 13:15:00,SELL SHORT,29261.5
2023-04-28 13:45:00,BUY,28955.0
2023-04-28 14:00:00,SELL SHORT,29033.5
2023-04-28 14:45:00,BUY,29139.0
2023-04-28 15:30:00,SELL SHORT,29075.5
2023-04-28 16:30:00,BUY,29144.5
2023-04-28 16:45:00,SELL SHORT,29175.5
2023-04-28 17:15:00,BUY,29224.0
2023-04-28 17:45:00,SELL SHORT,29257.5
2023-04-28 18:00:00,BUY,29239.5
2023-04-28 18:45:00,SELL SHORT,29185.0
2023-04-28 19:30:00,BUY,29305.0
2023-04-28 19:45:00,SELL SHORT,29404.0
2023-04-28 20:00:00,BUY,29324.0
2023-04-28 20:15:00,SELL SHORT,29368.5
2023-04-28 20:30:00,BUY,29321.5
2023-04-28 20:45:00,SELL SHORT,29325.5
2023-04-28 21:30:00,BUY,29335.0
2023-04-28 22:00:00,SELL SHORT,29336.0
2023-04-28 23:00:00,BUY,29352.0
2023-04-28 23:15:00,SELL SHORT,29378.0
2023-04-28 23:30:00,BUY,29304.0
2023-04-28 23:45:00,SELL SHORT,29331.5
2023-04-29 00:00:00,BUY,29311.0
2023-04-29 00:15:00,SELL SHORT,29315.5
2023-04-29 00:30:00,BUY,29311.0
2023-04-29 01:15:00,SELL SHORT,29258.5
2023-04-29 01:45:00,BUY,29274.0
2023-04-29 02:00:00,SELL SHORT,29285.5
2023-04-29 03:15:00,BUY,29379.0
2023-04-29 04:30:00,SELL SHORT,29415.0
2023-04-29 04:45:00,BUY,29374.0
2023-04-29 05:00:00,SELL SHORT,29382.0
2023-04-29 05:30:00,BUY,29382.0
2023-04-29 06:15:00,SELL SHORT,29365.0
2023-04-29 06:30:00,BUY,29333.0
2023-04-29 07:00:00,SELL SHORT,29337.0
2023-04-29 07:30:00,BUY,29323.0
2023-04-29 07:45:00,SELL SHORT,29349.5
2023-04-29 08:15:00,BUY,29330.0
2023-04-29 08:45:00,SELL SHORT,29322.5
2023-04-29 09:00:00,BUY,29321.5
2023-04-29 09:30:00,SELL SHORT,29303.5
2023-04-29 09:45:00,BUY,29287.5
2023-04-29 10:00:00,SELL SHORT,29306.5
2023-04-29 10:15:00,BUY,29304.0
2023-04-29 11:00:00,SELL SHORT,29278.0
2023-04-29 11:30:00,BUY,29266.0
2023-04-29 11:45:00,SELL SHORT,29302.0
2023-04-29 12:15:00,BUY,29327.5
2023-04-29 13:15:00,SELL SHORT,29309.0
2023-04-29 13:45:00,BUY,29345.5
2023-04-29 14:00:00,SELL SHORT,29390.0
2023-04-29 14:15:00,BUY,29370.5
2023-04-29 15:30:00,SELL SHORT,29341.0
2023-04-29 16:00:00,BUY,29284.5
2023-04-29 16:45:00,SELL SHORT,29278.5
2023-04-29 17:15:00,BUY,29263.0
2023-04-29 18:00:00,SELL SHORT,29161.5
2023-04-29 18:30:00,BUY,29195.0
2023-04-29 19:00:00,SELL SHORT,29185.5
2023-04-29 20:00:00,BUY,29250.0
2023-04-29 20:30:00,SELL SHORT,29257.5
2023-04-29 20:45:00,BUY,29236.5
2023-04-29 21:15:00,SELL SHORT,29240.0
2023-04-29 21:30:00,BUY,29234.5
2023-04-29 21:45:00,SELL SHORT,29252.0
2023-04-29 22:00:00,BUY,29234.5
2023-04-29 22:45:00,SELL SHORT,29220.0
2023-04-29 23:15:00,BUY,29202.0
2023-04-29 23:30:00,SELL SHORT,29247.0
2023-04-29 23:45:00,BUY,29220.5
2023-04-30 00:00:00,SELL SHORT,29235.0
